Cod_Nfiscal;Cod_Loja;Cod_Cliente;Cod_Departamento;Cod_Produto;Cod_Vendedor;Data_Venda;Quantidade
109;A1;SSMM55072;El_1;100;A1_82;24/07/2018;7
122;A1;SSMM55091;El_1;100;A1_83;14/09/2017;4
128;A1;SSMM55073;El_1;103;A1_84;21/09/2018;4
359;A2;SSMM55074;El_1;104;A2_94;24/07/2017;8
396;A2;SSMM55014;El_1;103;A2_95;01/08/2018;8
493;A3;SSMM55095;El_1;104;A3_103;12/04/2018;3
528;A4;SSMM55092;El_1;101;A4_111;11/11/2019;6
594;A4;SSMM55077;El_1;103;A4_112;14/06/2018;1
699;A5;SSMM55103;El_1;104;A5_121;24/12/2018;5
764;A6;SSMM55015;El_1;104;A6_131;28/05/2017;5
864;B1;SSMM55078;El_1;104;B1_141;21/09/2019;1
882;B1;SSMM55097;El_1;104;B1_142;23/10/2019;3
911;B1;SSMM55095;El_1;104;B1_143;27/06/2017;3
933;B1;SSMM55095;El_1;102;B1_144;11/08/2017;8
1070;B2;SSMM55102;El_1;103;B2_154;10/01/2018;6
1119;B3;SSMM55102;El_1;103;B3_162;17/12/2019;2
186;B6;SSMM55020;Mob_1;204;B6_191;07/06/2018;5
249;C2;SSMM55075;Mob_1;200;C2_211;16/09/2019;3
309;C3;SSMM55099;Mob_1;203;C3_221;13/06/2019;5
312;C3;SSMM55064;Mob_1;204;C3_222;08/03/2019;5
318;C4;SSMM55043;Mob_1;202;C4_231;20/12/2017;1
344;C4;SSMM55099;Mob_1;203;C4_233;26/09/2017;1
374;C5;SSMM55041;Mob_1;200;C5_242;19/09/2019;1
424;C6;SSMM55100;Mob_1;204;C6_253;14/08/2018;2
469;D1;SSMM55053;Mob_1;201;D1_261;01/11/2017;3
487;D1;SSMM55100;Mob_1;202;D1_262;12/03/2019;4
510;D1;SSMM55018;Mob_1;202;D1_263;28/02/2017;4
530;D1;SSMM55069;Mob_1;200;D1_264;24/09/2019;4
564;D2;SSMM55086;Mob_1;200;D2_271;07/06/2019;3
599;D2;SSMM55104;Mob_1;200;D2_273;11/06/2019;1
621;D3;SSMM55064;Mob_1;204;D3_281;23/07/2017;1
662;D3;SSMM55101;Mob_1;203;D3_283;02/08/2017;5
677;D4;SSMM55054;Mob_1;202;D4_291;25/12/2017;5
704;D5;SSMM55061;Mob_1;203;D5_301;28/11/2018;5
709;D5;SSMM55080;Mob_1;203;D5_302;16/06/2018;4
743;D5;SSMM55045;Mob_1;204;D5_303;28/04/2017;4
746;D5;SSMM55052;Mob_1;200;D5_304;14/05/2018;5
855;D6;SSMM55077;Mob_1;202;D6_312;16/03/2019;4
858;D6;SSMM55096;Mob_1;200;D6_313;20/11/2018;2
886;D6;SSMM55096;Mob_1;200;D6_314;17/06/2017;4
960;E1;SSMM55055;Mob_1;203;E1_322;02/10/2017;1
1027;E1;SSMM55087;Mob_1;201;E1_324;07/03/2019;3
1057;E1;SSMM55013;Mob_1;202;E1_326;19/12/2017;5
1095;E2;SSMM55020;Mob_1;204;E2_331;23/01/2017;2
1122;E2;SSMM55081;Mob_1;202;E2_333;06/08/2017;3
107;E2;SSMM55069;Jd_1;304;E2_334;09/03/2018;7
171;E3;SSMM55073;Jd_1;304;E3_341;09/11/2017;4
221;E3;SSMM55088;Jd_1;304;E3_342;17/08/2018;10
276;E4;SSMM55085;Jd_1;301;E4_352;08/05/2017;14
322;E5;SSMM55071;Jd_1;302;E5_361;06/03/2019;13
371;E5;SSMM55076;Jd_1;303;E5_363;26/01/2018;6
429;E5;SSMM55012;Jd_1;301;E5_365;12/11/2019;27
495;E6;SSMM55072;Jd_1;303;E6_372;19/08/2019;20
509;E6;SSMM55065;Jd_1;300;E6_373;13/08/2019;10
597;A1;SSMM55086;Jd_1;302;A1_81;24/09/2018;5
671;A1;SSMM55010;Jd_1;303;A1_82;17/03/2019;19
719;A1;SSMM55102;Jd_1;301;A1_83;08/06/2018;16
768;A1;SSMM55087;Jd_1;303;A1_84;17/04/2017;29
885;A2;SSMM55057;Jd_1;300;A2_94;14/03/2018;9
957;A3;SSMM55077;Jd_1;304;A3_101;12/01/2019;18
1000;A3;SSMM55084;Jd_1;300;A3_103;28/05/2018;16
1049;A4;SSMM55060;Jd_1;303;A4_111;19/08/2017;4
1074;A4;SSMM55101;Jd_1;300;A4_112;16/10/2017;20
1112;A4;SSMM55076;Jd_1;302;A4_113;12/09/2018;29
180;A5;SSMM55062;Rp_1;400;A5_122;16/03/2017;23
287;A6;SSMM55081;Rp_1;403;A6_131;12/03/2018;16
438;B1;SSMM55089;Rp_1;400;B1_141;03/01/2019;10
518;B1;SSMM55089;Rp_1;402;B1_142;01/06/2018;17
544;B1;SSMM55089;Rp_1;402;B1_143;01/03/2017;18
591;B1;SSMM55090;Rp_1;401;B1_144;14/11/2017;3
150;B5;SSMM55008;Bq_1;503;B5_181;12/08/2018;8
210;B5;SSMM55026;Bq_1;504;B5_182;24/11/2017;5
227;B5;SSMM55031;Bq_1;501;B5_183;06/07/2017;9
289;B6;SSMM55032;Bq_1;502;B6_191;03/08/2017;20
298;B6;SSMM55095;Bq_1;502;B6_192;19/07/2018;19
382;C1;SSMM55007;Bq_1;502;C1_202;13/01/2017;20
439;C2;SSMM55090;Bq_1;503;C2_212;08/10/2019;20
513;C3;SSMM55087;Bq_1;500;C3_222;08/03/2018;15
558;C4;SSMM55051;Bq_1;504;C4_231;06/03/2018;7
650;C5;SSMM55067;Bq_1;504;C5_241;27/09/2019;17
727;C6;SSMM55088;Bq_1;501;C6_251;21/05/2017;11
807;C6;SSMM55085;Bq_1;500;C6_252;13/04/2017;14
862;D1;SSMM55072;Bq_1;504;D1_261;06/12/2019;17
926;D1;SSMM55088;Bq_1;501;D1_263;05/11/2018;10
1038;D2;SSMM55014;Bq_1;500;D2_271;04/12/2017;8
1100;D2;SSMM55083;Bq_1;501;D2_272;15/06/2019;11
108;D2;SSMM55071;Ct_1;603;D2_273;22/04/2017;17
205;D3;SSMM55099;Ct_1;601;D3_281;21/10/2018;30
225;D3;SSMM55011;Ct_1;601;D3_282;22/12/2019;15
300;D3;SSMM55090;Ct_1;603;D3_283;06/11/2017;13
375;D4;SSMM55098;Ct_1;600;D4_291;21/02/2018;9
533;D5;SSMM55098;Ct_1;600;D5_301;14/10/2018;24
618;D5;SSMM55092;Ct_1;602;D5_302;05/10/2017;23
638;D5;SSMM55090;Ct_1;603;D5_303;21/02/2019;22
732;D5;SSMM55076;Ct_1;603;D5_304;14/01/2019;14
762;D5;SSMM55083;Ct_1;603;D5_305;26/04/2019;16
972;D6;SSMM55013;Ct_1;603;D6_312;04/05/2019;30
1009;D6;SSMM55028;Ct_1;601;D6_313;19/06/2019;21
1066;D6;SSMM55093;Ct_1;603;D6_314;14/08/2018;24
101;E1;SSMM55095;El_1;104;E1_321;20/09/2017;6
111;E1;SSMM55068;El_1;104;E1_322;17/07/2018;5
126;E1;SSMM55072;El_1;100;E1_323;24/07/2019;7
130;E1;SSMM55068;El_1;104;E1_324;28/04/2017;5
233;E1;SSMM55051;El_1;104;E1_326;08/03/2018;4
303;E2;SSMM55085;El_1;104;E2_331;07/06/2019;5
366;E2;SSMM55065;El_1;101;E2_333;12/01/2019;6
398;E2;SSMM55064;El_1;100;E2_334;07/05/2017;2
454;E3;SSMM55085;El_1;104;E3_341;22/04/2019;4
465;E3;SSMM55072;El_1;102;E3_342;15/01/2019;6
494;E4;SSMM55039;El_1;103;E4_351;10/07/2017;8
624;E5;SSMM55001;El_1;100;E5_362;10/10/2018;2
700;E5;SSMM55093;El_1;100;E5_364;16/05/2018;8
735;E5;SSMM55048;El_1;101;E5_365;01/03/2019;5
779;E6;SSMM55005;El_1;104;E6_371;16/01/2017;1
798;E6;SSMM55095;El_1;102;E6_372;07/07/2019;1
881;E6;SSMM55084;El_1;103;E6_373;24/02/2017;2
912;D3;SSMM55097;El_1;104;D3_283;26/06/2019;6
976;D4;SSMM55049;El_1;102;D4_292;11/07/2019;4
1013;D5;SSMM55094;El_1;101;D5_301;05/02/2018;7
1046;D5;SSMM55003;El_1;102;D5_302;01/05/2019;2
1071;D5;SSMM55093;El_1;102;D5_303;13/06/2018;2
1114;D5;SSMM55040;El_1;104;D5_304;15/10/2017;8
134;D6;SSMM55080;Mob_1;201;D6_311;24/07/2019;5
169;D6;SSMM55077;Mob_1;200;D6_312;08/11/2019;2
179;D6;SSMM55015;Mob_1;203;D6_313;17/06/2018;2
188;D6;SSMM55044;Mob_1;203;D6_314;19/08/2018;4
203;E1;SSMM55011;Mob_1;200;E1_321;08/03/2018;2
256;E1;SSMM55096;Mob_1;200;E1_323;14/11/2018;2
316;E1;SSMM55008;Mob_1;202;E1_325;08/09/2017;5
345;E2;SSMM55034;Mob_1;201;E2_332;02/12/2017;2
379;E2;SSMM55102;Mob_1;204;E2_333;22/12/2018;3
397;E2;SSMM55011;Mob_1;203;E2_334;06/07/2019;2
408;E3;SSMM55055;Mob_1;203;E3_341;27/01/2018;1
430;E3;SSMM55014;Mob_1;202;E3_342;02/12/2018;5
511;A1;SSMM55097;Mob_1;201;A1_82;12/12/2018;5
534;A1;SSMM55081;Mob_1;204;A1_83;18/01/2017;2
565;A1;SSMM55054;Mob_1;202;A1_84;04/07/2018;5
645;A2;SSMM55081;Mob_1;202;A2_92;03/05/2018;5
678;A2;SSMM55079;Mob_1;200;A2_93;17/03/2019;2
681;A2;SSMM55037;Mob_1;204;A2_94;22/09/2018;3
720;A3;SSMM55098;Mob_1;202;A3_101;10/11/2019;4
769;A3;SSMM55060;Mob_1;202;A3_102;07/11/2019;2
772;A3;SSMM55052;Mob_1;200;A3_103;26/03/2018;1
821;A4;SSMM55097;Mob_1;201;A4_112;06/02/2017;5
823;A4;SSMM55079;Mob_1;202;A4_113;05/02/2017;1
839;A5;SSMM55066;Mob_1;202;A5_121;02/01/2019;2
871;A5;SSMM55101;Mob_1;203;A5_122;02/07/2018;5
887;A6;SSMM55102;Mob_1;204;A6_131;14/03/2017;3
918;A6;SSMM55100;Mob_1;202;A6_132;26/01/2018;4
986;B1;SSMM55055;Mob_1;203;B1_141;04/07/2018;1
1028;A1;SSMM55041;Mob_1;200;A1_82;16/05/2018;4
1031;A1;SSMM55077;Mob_1;202;A1_83;15/02/2017;1
1058;A1;SSMM55088;Mob_1;202;A1_84;18/06/2017;4
1120;A1;SSMM55018;Mob_1;202;A1_85;12/03/2017;2
1126;A2;SSMM55104;Mob_1;200;A2_91;26/01/2019;3
231;A2;SSMM55015;Jd_1;304;A2_94;11/09/2019;24
406;A3;SSMM55041;Jd_1;303;A3_103;25/08/2017;25
436;A4;SSMM55067;Jd_1;302;A4_111;25/08/2019;9
466;A4;SSMM55011;Jd_1;300;A4_112;11/05/2017;14
610;A5;SSMM55066;Jd_1;301;A5_122;01/06/2018;27
739;A6;SSMM55104;Jd_1;303;A6_131;19/03/2018;16
836;B1;SSMM55088;Jd_1;304;B1_142;19/07/2018;23
866;B1;SSMM55104;Jd_1;303;B1_143;11/10/2017;25
937;B1;SSMM55059;Jd_1;302;B1_144;19/03/2018;28
958;B2;SSMM55018;Jd_1;301;B2_151;08/12/2019;27
118;B3;SSMM55027;Rp_1;401;B3_161;22/09/2017;15
164;B4;SSMM55074;Rp_1;400;B4_171;08/09/2017;10
187;B4;SSMM55090;Rp_1;403;B4_172;08/01/2017;6
207;B5;SSMM55086;Rp_1;403;B5_181;21/05/2019;10
239;B5;SSMM55074;Rp_1;404;B5_182;06/11/2017;18
343;B6;SSMM55067;Rp_1;405;B6_192;24/01/2019;5
410;C1;SSMM55075;Rp_1;405;C1_202;25/09/2017;11
434;C2;SSMM55090;Rp_1;401;C2_211;08/11/2017;6
445;C2;SSMM55092;Rp_1;403;C2_212;15/01/2018;31
475;C3;SSMM55028;Rp_1;402;C3_222;05/01/2017;4
502;C4;SSMM55064;Rp_1;402;C4_231;17/08/2017;18
519;C4;SSMM55072;Rp_1;402;C4_232;07/06/2018;13
525;C4;SSMM55071;Rp_1;401;C4_233;21/09/2019;27
542;C5;SSMM55013;Rp_1;401;C5_241;12/07/2018;34
613;D6;SSMM55046;Rp_1;403;D6_313;27/09/2019;12
664;E1;SSMM55076;Rp_1;402;E1_321;23/07/2019;30
722;E1;SSMM55077;Rp_1;403;E1_323;17/07/2019;24
748;E1;SSMM55028;Rp_1;402;E1_324;07/11/2018;32
751;E1;SSMM55083;Rp_1;400;E1_325;26/04/2019;11
755;E1;SSMM55085;Rp_1;402;E1_326;04/07/2017;25
775;E2;SSMM55084;Rp_1;405;E2_331;08/01/2017;35
843;E2;SSMM55066;Rp_1;404;E2_333;09/09/2018;29
873;E2;SSMM55073;Rp_1;403;E2_334;03/08/2018;20
921;E3;SSMM55004;Rp_1;405;E3_342;21/03/2017;28
962;E1;SSMM55010;Rp_1;400;E1_323;15/10/2017;5
994;E1;SSMM55079;Rp_1;401;E1_325;06/03/2017;18
1059;E1;SSMM55003;Rp_1;404;E1_326;22/01/2018;8
1062;E2;SSMM55062;Rp_1;400;E2_331;18/04/2017;8
1085;E2;SSMM55026;Rp_1;400;E2_332;14/04/2019;35
1096;E2;SSMM55063;Rp_1;401;E2_333;04/01/2019;5
1104;E2;SSMM55092;Rp_1;405;E2_334;08/02/2018;27
157;A4;SSMM55008;Bq_1;503;A4_113;02/01/2019;18
211;A5;SSMM55086;Bq_1;504;A5_121;24/07/2018;11
290;A6;SSMM55049;Bq_1;502;A6_131;11/11/2019;8
330;B1;SSMM55068;Bq_1;500;B1_141;24/11/2018;6
392;B1;SSMM55047;Bq_1;500;B1_142;18/12/2019;6
416;B1;SSMM55064;Bq_1;501;B1_143;24/03/2017;8
447;B1;SSMM55094;Bq_1;501;B1_144;04/01/2018;6
514;B2;SSMM55086;Bq_1;504;B2_152;20/09/2018;19
567;B2;SSMM55086;Bq_1;504;B2_153;03/12/2018;6
651;B3;SSMM55064;Bq_1;501;B3_162;14/07/2017;9
667;B4;SSMM55069;Bq_1;501;B4_171;22/03/2019;9
728;B4;SSMM55095;Bq_1;502;B4_172;25/04/2018;6
845;B5;SSMM55050;Bq_1;503;B5_183;21/08/2017;7
863;B6;SSMM55094;Bq_1;501;B6_191;06/01/2017;11
901;B6;SSMM55093;Bq_1;500;B6_192;25/06/2018;14
1006;C1;SSMM55068;Bq_1;500;C1_202;28/11/2019;17
1039;C2;SSMM55097;Bq_1;504;C2_211;08/01/2018;15
1102;C2;SSMM55017;Bq_1;503;C2_212;06/11/2017;18
125;C3;SSMM55071;Ct_1;603;C3_221;03/10/2017;17
235;C4;SSMM55074;Ct_1;601;C4_231;14/03/2017;11
301;C4;SSMM55029;Ct_1;602;C4_232;09/03/2017;5
376;C4;SSMM55053;Ct_1;601;C4_233;27/08/2019;22
539;C5;SSMM55068;Ct_1;602;C5_242;09/01/2018;8
654;C6;SSMM55067;Ct_1;601;C6_252;07/09/2019;12
797;D1;SSMM55013;Ct_1;603;D1_261;15/11/2017;10
902;D1;SSMM55083;Ct_1;603;D1_262;05/11/2018;12
973;D1;SSMM55066;Ct_1;600;D1_264;04/01/2018;21
1116;D2;SSMM55100;Ct_1;602;D2_273;16/11/2017;16
102;D3;SSMM55094;El_1;103;D3_281;26/06/2017;1
114;D3;SSMM55073;El_1;103;D3_282;16/06/2017;4
183;D4;SSMM55050;El_1;103;D4_291;24/03/2018;5
245;D4;SSMM55078;El_1;104;D4_292;08/11/2017;4
331;D5;SSMM55015;El_1;104;D5_301;03/12/2019;1
506;D5;SSMM55091;El_1;100;D5_305;14/05/2019;3
551;D5;SSMM55068;El_1;104;D5_306;08/11/2017;3
670;D6;SSMM55047;El_1;100;D6_312;22/06/2019;4
907;E1;SSMM55003;El_1;102;E1_322;19/03/2018;8
948;E1;SSMM55051;El_1;104;E1_324;21/07/2019;2
1014;E1;SSMM55066;El_1;102;E1_325;09/05/2017;2
1047;E1;SSMM55096;El_1;103;E1_326;17/03/2019;3
1072;E2;SSMM55094;El_1;103;E2_331;16/09/2017;4
115;E2;SSMM55079;Mob_1;202;E2_332;16/04/2018;4
135;E2;SSMM55020;Mob_1;204;E2_333;06/06/2018;2
173;E2;SSMM55099;Mob_1;201;E2_334;28/04/2019;3
189;E3;SSMM55054;Mob_1;202;E3_342;03/03/2017;5
248;E4;SSMM55019;Mob_1;203;E4_352;15/09/2017;4
267;E5;SSMM55056;Mob_1;204;E5_361;14/09/2018;1
284;E5;SSMM55096;Mob_1;200;E5_362;11/04/2018;4
317;E5;SSMM55090;Mob_1;204;E5_363;10/07/2017;2
418;E1;SSMM55098;Mob_1;200;E1_32;12/02/2017;2
431;A1;SSMM55042;Mob_1;201;A1_81;01/10/2017;5
498;A1;SSMM55014;Mob_1;202;A1_82;11/04/2018;2
512;A1;SSMM55010;Mob_1;204;A1_83;27/10/2019;3
658;A2;SSMM55033;Mob_1;200;A2_93;21/10/2019;4
679;A2;SSMM55009;Mob_1;203;A2_94;24/04/2018;5
706;A3;SSMM55012;Mob_1;204;A3_101;16/11/2018;2
721;A3;SSMM55043;Mob_1;202;A3_102;07/10/2018;3
770;A3;SSMM55052;Mob_1;200;A3_103;08/05/2019;2
803;A4;SSMM55080;Mob_1;203;A4_112;12/11/2017;4
824;A5;SSMM55089;Mob_1;203;A5_121;14/06/2018;1
872;A6;SSMM55080;Mob_1;201;A6_131;03/03/2017;2
888;A6;SSMM55081;Mob_1;204;A6_132;15/10/2017;1
919;B1;SSMM55075;Mob_1;200;B1_141;15/01/2018;2
1080;B2;SSMM55041;Mob_1;200;B2_151;04/06/2019;2
1121;B2;SSMM55019;Mob_1;203;B2_152;22/12/2019;3
124;B2;SSMM55069;Jd_1;304;B2_154;07/05/2019;7
243;B4;SSMM55067;Jd_1;302;B4_171;05/04/2019;25
275;B5;SSMM55013;Jd_1;302;B5_182;18/01/2017;23
332;B6;SSMM55101;Jd_1;300;B6_192;28/02/2017;15
361;C1;SSMM55023;Jd_1;302;C1_202;14/09/2019;23
414;C3;SSMM55057;Jd_1;300;C3_221;21/06/2019;4
441;C4;SSMM55022;Jd_1;301;C4_231;10/11/2019;10
467;C4;SSMM55038;Jd_1;300;C4_232;28/07/2018;23
486;C4;SSMM55058;Jd_1;301;C4_233;19/05/2019;22
496;C5;SSMM55066;Jd_1;301;C5_241;20/12/2017;3
508;C5;SSMM55102;Jd_1;301;C5_242;11/01/2019;3
553;C6;SSMM55083;Jd_1;301;C6_251;20/04/2018;21
561;C6;SSMM55040;Jd_1;302;C6_252;19/10/2019;9
585;C6;SSMM55017;Jd_1;300;C6_253;06/04/2019;29
620;D1;SSMM55059;Jd_1;302;D1_261;13/01/2018;11
701;D1;SSMM55103;Jd_1;302;D1_264;26/05/2017;4
785;D2;SSMM55081;Jd_1;303;D2_273;05/01/2017;3
799;D3;SSMM55077;Jd_1;303;D3_282;21/01/2017;10
813;D3;SSMM55076;Jd_1;302;D3_283;20/03/2018;16
816;D4;SSMM55070;Jd_1;301;D4_291;19/03/2019;16
820;D4;SSMM55103;Jd_1;300;D4_292;17/08/2019;7
884;D5;SSMM55013;Jd_1;300;D5_303;09/08/2017;13
913;D5;SSMM55103;Jd_1;300;D5_304;04/08/2017;8
959;D6;SSMM55068;Jd_1;303;D6_312;20/10/2019;13
1051;E1;SSMM55078;Jd_1;304;E1_324;12/02/2017;12
1091;E1;SSMM55018;Jd_1;301;E1_326;22/09/2018;16
1113;E2;SSMM55061;Jd_1;304;E2_331;16/12/2017;13
129;E2;SSMM55076;Rp_1;402;E2_332;16/09/2017;35
167;E3;SSMM55029;Rp_1;403;E3_341;08/10/2017;16
194;E3;SSMM55063;Rp_1;401;E3_342;20/04/2019;9
216;E4;SSMM55083;Rp_1;400;E4_352;22/12/2018;11
244;E5;SSMM55072;Rp_1;402;E5_362;08/01/2018;12
295;E5;SSMM55018;Rp_1;402;E5_364;10/11/2017;21
353;E5;SSMM55070;Rp_1;400;E5_365;20/02/2019;7
437;E1;SSMM55091;Rp_1;404;E1_32;02/11/2017;14
459;D4;SSMM55067;Rp_1;405;D4_291;08/04/2019;19
461;D4;SSMM55091;Rp_1;402;D4_292;16/08/2017;7
499;D5;SSMM55065;Rp_1;403;D5_302;16/09/2017;20
531;D5;SSMM55090;Rp_1;403;D5_306;24/02/2018;21
543;D6;SSMM55081;Rp_1;403;D6_312;17/06/2019;9
557;D6;SSMM55013;Rp_1;403;D6_313;04/09/2017;26
580;D6;SSMM55072;Rp_1;402;D6_314;02/06/2019;15
600;E1;SSMM55092;Rp_1;405;E1_321;13/12/2018;9
614;E1;SSMM55064;Rp_1;402;E1_322;18/04/2017;27
648;E1;SSMM55075;Rp_1;405;E1_324;07/10/2018;4
665;E1;SSMM55012;Rp_1;400;E1_325;12/02/2018;24
686;E1;SSMM55083;Rp_1;400;E1_326;15/07/2019;6
711;E2;SSMM55089;Rp_1;400;E2_331;11/06/2019;34
724;E2;SSMM55071;Rp_1;401;E2_333;22/08/2018;7
749;E2;SSMM55078;Rp_1;400;E2_334;26/12/2019;22
752;E3;SSMM55074;Rp_1;404;E3_341;23/02/2019;9
792;E4;SSMM55045;Rp_1;402;E4_351;17/06/2018;30
844;A1;SSMM55044;Rp_1;401;A1_84;07/05/2018;21
890;A1;SSMM55084;Rp_1;405;A1_85;21/08/2017;33
922;A2;SSMM55079;Rp_1;401;A2_94;16/12/2017;16
964;A3;SSMM55087;Rp_1;400;A3_102;26/09/2017;12
965;A3;SSMM55071;Rp_1;401;A3_103;04/11/2017;23
995;A4;SSMM55063;Rp_1;401;A4_112;03/07/2018;11
1060;A4;SSMM55002;Rp_1;403;A4_113;01/01/2019;25
1086;A5;SSMM55027;Rp_1;401;A5_122;12/07/2017;18
1088;A6;SSMM55090;Rp_1;403;A6_131;24/09/2018;11
1107;B1;SSMM55013;Rp_1;401;B1_141;25/01/2018;32
1127;A1;SSMM55029;Rp_1;403;A1_82;26/01/2018;16
190;A1;SSMM55033;Bq_1;503;A1_85;07/02/2017;9
217;A2;SSMM55088;Bq_1;501;A2_91;05/04/2017;17
258;A2;SSMM55083;Bq_1;501;A2_93;04/07/2019;18
294;A2;SSMM55084;Bq_1;502;A2_94;17/02/2019;5
333;A3;SSMM55023;Bq_1;501;A3_101;17/08/2018;9
357;A3;SSMM55095;Bq_1;502;A3_102;21/07/2019;6
417;A3;SSMM55022;Bq_1;500;A3_103;16/06/2018;15
463;A4;SSMM55032;Bq_1;502;A4_112;23/08/2019;19
490;A4;SSMM55089;Bq_1;504;A4_113;26/03/2019;7
521;A5;SSMM55014;Bq_1;500;A5_121;18/09/2018;18
568;A6;SSMM55016;Bq_1;502;A6_131;04/03/2017;19
606;B1;SSMM55083;Bq_1;501;B1_141;26/02/2018;11
652;B1;SSMM55085;Bq_1;503;B1_143;21/10/2017;5
690;B2;SSMM55008;Bq_1;503;B2_151;25/02/2017;18
846;B3;SSMM55089;Bq_1;504;B3_161;05/08/2018;19
943;B5;SSMM55069;Bq_1;501;B5_181;25/11/2018;6
1035;B5;SSMM55024;Bq_1;502;B5_183;13/04/2017;5
1132;C1;SSMM55033;Bq_1;503;C1_201;25/11/2019;16
168;C2;SSMM55037;Ct_1;602;C2_211;21/06/2017;5
264;C3;SSMM55090;Ct_1;603;C3_222;13/01/2019;14
377;C4;SSMM55069;Ct_1;601;C4_232;11/11/2018;28
385;C4;SSMM55099;Ct_1;601;C4_233;21/03/2018;6
503;C5;SSMM55069;Ct_1;601;C5_241;14/04/2018;22
540;C5;SSMM55067;Ct_1;601;C5_242;25/06/2017;29
573;C6;SSMM55074;Ct_1;601;C6_251;05/11/2017;25
635;D6;SSMM55091;Ct_1;601;D6_312;01/10/2017;8
691;D6;SSMM55071;Ct_1;603;D6_314;21/02/2019;9
734;E1;SSMM55068;Ct_1;602;E1_321;12/11/2018;29
808;E1;SSMM55080;Ct_1;600;E1_322;01/02/2017;18
929;E1;SSMM55055;Ct_1;603;E1_325;09/09/2019;20
946;E1;SSMM55092;Ct_1;602;E1_326;22/06/2019;12
998;E2;SSMM55068;Ct_1;602;E2_331;28/10/2019;16
1041;E2;SSMM55081;Ct_1;601;E2_333;27/05/2018;17
1106;E2;SSMM55012;Ct_1;602;E2_334;01/08/2018;21
1128;E3;SSMM55037;Ct_1;602;E3_341;09/10/2019;5
148;E1;SSMM55067;El_1;103;E1_324;04/06/2019;5
351;E2;SSMM55073;El_1;101;E2_334;18/09/2018;8
402;E3;SSMM55076;El_1;104;E3_342;10/09/2019;8
440;A1;SSMM55072;El_1;102;A1_84;23/07/2017;1
516;A2;SSMM55102;El_1;103;A2_92;02/10/2018;8
552;A2;SSMM55096;El_1;103;A2_93;24/03/2017;2
639;A2;SSMM55071;El_1;101;A2_95;06/08/2019;7
657;A3;SSMM55074;El_1;104;A3_101;16/12/2018;8
695;A3;SSMM55070;El_1;100;A3_102;13/12/2017;4
697;A3;SSMM55004;El_1;103;A3_103;07/07/2019;7
737;A4;SSMM55071;El_1;101;A4_111;17/01/2019;2
851;A5;SSMM55004;El_1;103;A5_122;08/12/2018;6
908;A6;SSMM55056;El_1;103;A6_131;07/02/2017;5
1015;B1;SSMM55070;El_1;100;B1_144;11/08/2017;6
1073;B2;SSMM55070;El_1;100;B2_153;07/04/2018;7
1103;B2;SSMM55095;El_1;102;B2_154;20/04/2018;7
117;B3;SSMM55096;Mob_1;200;B3_161;07/12/2019;1
139;B3;SSMM55060;Mob_1;202;B3_162;04/06/2019;1
161;B4;SSMM55019;Mob_1;203;B4_171;05/01/2018;3
192;B5;SSMM55082;Mob_1;203;B5_181;17/10/2018;1
215;B5;SSMM55010;Mob_1;202;B5_182;19/09/2018;2
285;C1;SSMM55018;Mob_1;202;C1_201;19/05/2018;5
310;C1;SSMM55100;Mob_1;204;C1_202;15/08/2018;3
325;C2;SSMM55099;Mob_1;201;C2_211;24/03/2017;2
340;C2;SSMM55101;Mob_1;203;C2_212;28/01/2018;3
419;C4;SSMM55100;Mob_1;202;C4_232;19/12/2019;5
517;C5;SSMM55043;Mob_1;202;C5_242;23/10/2019;1
586;C6;SSMM55078;Mob_1;201;C6_252;17/07/2018;5
590;C6;SSMM55012;Mob_1;204;C6_253;08/07/2018;4
659;D1;SSMM55016;Mob_1;200;D1_263;05/10/2018;2
703;D2;SSMM55010;Mob_1;204;D2_271;13/11/2019;5
740;D2;SSMM55089;Mob_1;203;D2_273;03/06/2017;3
825;D3;SSMM55056;Mob_1;204;D3_283;19/12/2018;1
1025;D5;SSMM55070;Mob_1;201;D5_304;24/01/2019;5
1054;D5;SSMM55036;Mob_1;203;D5_305;12/03/2018;1
1099;D6;SSMM55060;Mob_1;202;D6_312;08/12/2019;1
131;D6;SSMM55018;Jd_1;301;D6_313;16/02/2018;29
153;D6;SSMM55061;Jd_1;304;D6_314;03/05/2018;13
191;E1;SSMM55021;Jd_1;300;E1_321;26/02/2018;4
246;E1;SSMM55072;Jd_1;303;E1_322;12/11/2017;4
250;E1;SSMM55023;Jd_1;302;E1_323;15/10/2017;15
265;E1;SSMM55060;Jd_1;303;E1_324;01/11/2019;18
306;E1;SSMM55009;Jd_1;304;E1_326;13/01/2017;7
336;E2;SSMM55013;Jd_1;300;E2_332;08/12/2019;13
352;E2;SSMM55063;Jd_1;300;E2_333;14/03/2019;7
360;E2;SSMM55076;Jd_1;303;E2_334;15/12/2019;12
380;E3;SSMM55084;Jd_1;302;E3_341;02/03/2018;28
386;E3;SSMM55101;Jd_1;300;E3_342;18/05/2019;16
415;E4;SSMM55086;Jd_1;304;E4_351;13/05/2017;5
442;E5;SSMM55071;Jd_1;302;E5_361;04/04/2019;16
473;E5;SSMM55104;Jd_1;301;E5_362;13/06/2019;13
595;E6;SSMM55063;Jd_1;300;E6_373;04/01/2018;20
626;E1;SSMM55015;Jd_1;304;E1_32;19/10/2017;3
675;A1;SSMM55103;Jd_1;302;A1_83;27/06/2017;30
702;A1;SSMM55022;Jd_1;301;A1_84;03/04/2019;9
717;A1;SSMM55082;Jd_1;300;A1_85;27/04/2019;18
788;A2;SSMM55087;Jd_1;303;A2_93;26/05/2019;26
800;A2;SSMM55077;Jd_1;304;A2_94;18/03/2019;24
812;A2;SSMM55075;Jd_1;301;A2_95;15/06/2018;19
914;A4;SSMM55021;Jd_1;300;A4_113;04/08/2017;11
953;A5;SSMM55102;Jd_1;301;A5_122;04/02/2019;19
955;A6;SSMM55080;Jd_1;302;A6_131;17/06/2018;26
977;A6;SSMM55013;Jd_1;302;A6_132;14/12/2018;19
984;B1;SSMM55101;Jd_1;300;B1_142;16/07/2018;20
1002;B1;SSMM55025;Jd_1;304;B1_143;12/10/2019;12
1019;B1;SSMM55069;Jd_1;304;B1_144;19/05/2018;19
1021;B2;SSMM55024;Jd_1;303;B2_151;10/09/2018;14
1052;B2;SSMM55046;Jd_1;300;B2_153;16/08/2019;29
1079;B3;SSMM55046;Jd_1;300;B3_161;27/07/2017;18
1125;B3;SSMM55023;Jd_1;302;B3_162;20/05/2017;4
151;B5;SSMM55001;Rp_1;402;B5_181;18/06/2017;7
199;B5;SSMM55091;Rp_1;402;B5_182;22/01/2018;21
214;B5;SSMM55018;Rp_1;402;B5_183;02/08/2017;17
226;B6;SSMM55088;Rp_1;401;B6_191;27/04/2019;7
394;C1;SSMM55012;Rp_1;402;C1_202;13/05/2019;23
425;C2;SSMM55079;Rp_1;401;C2_211;06/11/2019;13
470;C4;SSMM55011;Rp_1;401;C4_231;16/02/2019;35
523;C4;SSMM55084;Rp_1;401;C4_233;16/11/2018;34
536;C5;SSMM55003;Rp_1;404;C5_241;28/12/2018;3
566;C5;SSMM55016;Rp_1;400;C5_242;07/04/2018;25
615;C6;SSMM55080;Rp_1;402;C6_252;08/05/2017;14
712;D1;SSMM55020;Rp_1;404;D1_263;12/02/2018;6
725;D1;SSMM55012;Rp_1;400;D1_264;17/08/2019;30
793;D2;SSMM55079;Rp_1;400;D2_272;07/01/2018;19
795;D2;SSMM55028;Rp_1;402;D2_273;21/07/2018;4
859;D3;SSMM55080;Rp_1;401;D3_281;21/10/2017;9
891;D3;SSMM55064;Rp_1;402;D3_282;02/09/2017;16
898;D4;SSMM55002;Rp_1;403;D4_291;21/02/2019;3
942;D4;SSMM55081;Rp_1;403;D4_292;10/08/2017;16
1033;D5;SSMM55087;Rp_1;400;D5_302;19/06/2019;23
1083;D5;SSMM55043;Rp_1;400;D5_303;20/05/2018;33
1087;D5;SSMM55088;Rp_1;401;D5_304;14/03/2018;15
1089;D5;SSMM55076;Rp_1;402;D5_305;09/04/2019;35
1111;D5;SSMM55001;Rp_1;402;D5_306;16/12/2019;7
142;D6;SSMM55017;Bq_1;503;D6_311;10/08/2019;18
174;D6;SSMM55071;Bq_1;503;D6_312;16/10/2019;6
296;E1;SSMM55016;Bq_1;502;E1_322;20/11/2018;8
346;E1;SSMM55096;Bq_1;503;E1_323;22/10/2018;16
358;E1;SSMM55063;Bq_1;500;E1_324;16/07/2017;16
449;E1;SSMM55009;Bq_1;504;E1_326;06/03/2019;17
464;E2;SSMM55070;Bq_1;502;E2_331;14/04/2018;15
714;E4;SSMM55018;Bq_1;504;E4_352;24/06/2017;17
730;E5;SSMM55065;Bq_1;504;E5_361;11/04/2017;9
759;E5;SSMM55072;Bq_1;504;E5_362;11/04/2018;15
778;E5;SSMM55009;Bq_1;504;E5_363;28/11/2017;14
847;E5;SSMM55090;Bq_1;503;E5_364;17/03/2019;5
875;E5;SSMM55066;Bq_1;503;E5_365;22/06/2019;15
878;E6;SSMM55051;Bq_1;504;E6_371;10/04/2019;5
996;E6;SSMM55067;Bq_1;504;E6_373;28/02/2019;12
1110;D3;SSMM55008;Bq_1;503;D3_283;03/07/2018;8
155;D4;SSMM55010;Ct_1;600;D4_291;08/12/2018;25
223;D5;SSMM55036;Ct_1;601;D5_302;15/09/2019;26
240;D5;SSMM55099;Ct_1;601;D5_303;23/08/2018;15
273;D5;SSMM55070;Ct_1;602;D5_304;01/05/2017;13
334;D5;SSMM55069;Ct_1;603;D5_306;02/10/2017;7
383;D6;SSMM55076;Ct_1;603;D6_311;22/10/2019;26
388;D6;SSMM55029;Ct_1;602;D6_312;28/05/2017;30
412;D6;SSMM55012;Ct_1;602;D6_313;23/12/2018;5
515;D6;SSMM55091;Ct_1;601;D6_314;03/07/2017;14
548;E1;SSMM55080;Ct_1;600;E1_321;12/09/2017;19
574;E1;SSMM55088;Ct_1;601;E1_322;10/06/2017;30
582;E1;SSMM55075;Ct_1;602;E1_323;07/08/2017;23
636;E1;SSMM55013;Ct_1;603;E1_324;09/11/2017;29
694;E2;SSMM55052;Ct_1;600;E2_331;11/09/2019;5
760;E2;SSMM55101;Ct_1;603;E2_332;23/10/2018;22
809;E2;SSMM55067;Ct_1;601;E2_333;22/03/2019;13
848;E2;SSMM55090;Ct_1;600;E2_334;26/02/2017;7
904;E3;SSMM55011;Ct_1;601;E3_342;21/09/2018;30
970;A1;SSMM55066;Ct_1;600;A1_83;23/12/2018;30
1007;A1;SSMM55053;Ct_1;601;A1_84;04/12/2018;8
1012;A1;SSMM55069;Ct_1;603;A1_85;05/04/2019;23
1042;A2;SSMM55070;Ct_1;602;A2_91;03/02/2019;24
105;A2;SSMM55093;El_1;102;A2_94;12/10/2018;7
121;A3;SSMM55095;El_1;104;A3_101;24/07/2018;6
206;A3;SSMM55014;El_1;103;A3_103;01/05/2017;6
263;A4;SSMM55065;El_1;101;A4_111;23/02/2018;2
395;A5;SSMM55072;El_1;100;A5_121;22/05/2018;2
413;A5;SSMM55050;El_1;103;A5_122;05/07/2017;1
450;A6;SSMM55093;El_1;100;A6_131;01/05/2018;7
484;A6;SSMM55073;El_1;101;A6_132;19/04/2018;4
522;B1;SSMM55094;El_1;101;B1_141;17/07/2017;6
696;A1;SSMM55094;El_1;103;A1_84;04/06/2018;5
782;A2;SSMM55039;El_1;103;A2_92;23/03/2019;5
834;A2;SSMM55078;El_1;104;A2_93;14/07/2018;6
909;A2;SSMM55057;El_1;104;A2_95;16/10/2018;3
932;A3;SSMM55031;El_1;103;A3_101;11/12/2018;2
1069;A4;SSMM55056;El_1;103;A4_112;27/09/2019;3
123;A5;SSMM55097;Mob_1;201;A5_122;18/08/2019;4
158;A6;SSMM55017;Mob_1;201;A6_132;19/03/2017;1
162;B1;SSMM55081;Mob_1;202;B1_141;01/08/2017;3
222;B1;SSMM55010;Mob_1;202;B1_144;25/04/2019;2
271;B2;SSMM55020;Mob_1;204;B2_152;23/02/2019;4
293;B2;SSMM55077;Mob_1;202;B2_153;19/01/2017;4
308;B2;SSMM55016;Mob_1;200;B2_154;08/10/2017;2
311;B3;SSMM55063;Mob_1;203;B3_161;24/09/2017;4
365;B4;SSMM55056;Mob_1;204;B4_171;08/09/2019;1
373;B5;SSMM55099;Mob_1;203;B5_181;24/07/2017;4
423;B5;SSMM55098;Mob_1;202;B5_182;22/01/2018;1
456;B5;SSMM55009;Mob_1;201;B5_183;28/12/2018;1
468;B6;SSMM55098;Mob_1;202;B6_191;16/12/2018;2
482;B6;SSMM55070;Mob_1;201;B6_192;21/08/2019;3
587;C1;SSMM55006;Mob_1;200;C1_202;13/03/2018;2
598;C2;SSMM55061;Mob_1;203;C2_212;06/10/2019;5
660;C3;SSMM55042;Mob_1;201;C3_222;22/12/2019;3
676;C4;SSMM55006;Mob_1;200;C4_232;10/01/2017;4
708;C4;SSMM55071;Mob_1;202;C4_233;06/11/2019;4
741;C5;SSMM55096;Mob_1;200;C5_241;06/03/2017;5
742;C5;SSMM55102;Mob_1;204;C5_242;17/05/2019;4
745;C6;SSMM55012;Mob_1;201;C6_251;28/09/2019;5
842;C6;SSMM55068;Mob_1;204;C6_253;21/12/2018;4
1026;D2;SSMM55071;Mob_1;202;D2_272;16/12/2018;3
1092;D3;SSMM55079;Mob_1;202;D3_281;16/01/2018;4
1094;D3;SSMM55080;Mob_1;201;D3_282;01/08/2019;5
152;D4;SSMM55076;Jd_1;302;D4_291;16/02/2017;29
196;D4;SSMM55009;Jd_1;302;D4_292;09/08/2017;19
247;D5;SSMM55010;Jd_1;303;D5_301;04/07/2018;22
266;D5;SSMM55013;Jd_1;300;D5_302;14/09/2017;11
307;D5;SSMM55011;Jd_1;304;D5_303;02/02/2019;14
337;D5;SSMM55059;Jd_1;302;D5_304;12/08/2017;4
355;D5;SSMM55065;Jd_1;300;D5_305;04/04/2019;27
381;D5;SSMM55088;Jd_1;304;D5_306;25/11/2018;10
443;D6;SSMM55080;Jd_1;302;D6_312;03/07/2018;15
504;D6;SSMM55084;Jd_1;300;D6_314;27/04/2017;26
596;E1;SSMM55086;Jd_1;304;E1_322;25/07/2017;25
627;E1;SSMM55058;Jd_1;301;E1_323;12/04/2019;14
674;E1;SSMM55075;Jd_1;301;E1_324;14/06/2018;22
767;E1;SSMM55086;Jd_1;302;E1_326;02/07/2019;5
787;E2;SSMM55102;Jd_1;301;E2_331;26/02/2017;10
801;E2;SSMM55010;Jd_1;303;E2_332;13/08/2018;6
818;E2;SSMM55083;Jd_1;301;E2_333;24/01/2017;27
853;E2;SSMM55074;Jd_1;300;E2_334;19/11/2018;3
954;E4;SSMM55083;Jd_1;301;E4_351;23/03/2018;23
983;E5;SSMM55082;Jd_1;304;E5_361;17/01/2018;19
1022;E5;SSMM55024;Jd_1;303;E5_363;01/09/2019;24
163;E6;SSMM55001;Rp_1;402;E6_373;26/06/2019;26
200;E1;SSMM55084;Rp_1;401;E1_32;01/12/2017;16
409;A1;SSMM55072;Rp_1;402;A1_84;10/05/2017;11
433;A1;SSMM55084;Rp_1;401;A1_85;20/12/2018;17
457;A2;SSMM55002;Rp_1;403;A2_91;11/03/2019;18
474;A2;SSMM55021;Rp_1;405;A2_92;15/06/2018;4
501;A2;SSMM55073;Rp_1;403;A2_93;09/01/2019;5
524;A2;SSMM55075;Rp_1;401;A2_94;03/01/2019;4
541;A2;SSMM55016;Rp_1;400;A2_95;09/05/2019;15
578;A3;SSMM55021;Rp_1;405;A3_101;04/02/2018;26
602;A3;SSMM55027;Rp_1;401;A3_102;05/11/2019;20
646;A3;SSMM55074;Rp_1;400;A3_103;25/05/2018;29
684;A4;SSMM55081;Rp_1;403;A4_111;08/01/2017;24
713;A4;SSMM55081;Rp_1;402;A4_112;21/12/2017;35
747;A4;SSMM55011;Rp_1;401;A4_113;13/09/2018;20
754;A5;SSMM55004;Rp_1;405;A5_121;09/10/2019;7
860;A6;SSMM55074;Rp_1;404;A6_131;01/03/2018;31
961;B1;SSMM55019;Rp_1;403;B1_142;15/08/2019;11
1034;B1;SSMM55092;Rp_1;403;B1_144;23/03/2018;6
1084;B2;SSMM55082;Rp_1;403;B2_151;18/08/2019;31
145;B2;SSMM55096;Bq_1;503;B2_154;12/06/2018;17
184;B3;SSMM55070;Bq_1;502;B3_161;04/08/2017;20
219;B4;SSMM55071;Bq_1;503;B4_171;19/12/2017;14
253;B4;SSMM55093;Bq_1;500;B4_172;20/12/2018;16
297;B5;SSMM55034;Bq_1;504;B5_182;07/05/2017;16
354;B6;SSMM55034;Bq_1;504;B6_191;13/07/2018;13
364;B6;SSMM55048;Bq_1;501;B6_192;22/05/2017;11
462;C1;SSMM55015;Bq_1;501;C1_202;18/11/2019;8
476;C2;SSMM55017;Bq_1;503;C2_211;26/05/2019;15
491;C2;SSMM55005;Bq_1;500;C2_212;22/10/2017;6
537;C3;SSMM55087;Bq_1;502;C3_221;02/02/2019;15
570;C4;SSMM55030;Bq_1;500;C4_231;23/09/2019;15
603;C4;SSMM55094;Bq_1;501;C4_232;05/07/2018;14
617;C4;SSMM55032;Bq_1;502;C4_233;15/10/2018;11
634;C5;SSMM55031;Bq_1;501;C5_241;10/05/2018;11
653;C5;SSMM55005;Bq_1;500;C5_242;27/09/2019;14
689;C6;SSMM55072;Bq_1;504;C6_251;10/12/2019;10
726;C6;SSMM55030;Bq_1;500;C6_252;27/03/2018;17
756;C6;SSMM55024;Bq_1;502;C6_253;14/09/2018;16
796;D1;SSMM55006;Bq_1;501;D1_262;20/08/2018;8
876;D1;SSMM55005;Bq_1;500;D1_264;16/01/2019;12
899;D2;SSMM55025;Bq_1;503;D2_271;02/08/2018;16
967;D2;SSMM55034;Bq_1;504;D2_273;23/05/2018;5
997;D3;SSMM55030;Bq_1;500;D3_281;05/01/2017;18
1064;D3;SSMM55050;Bq_1;503;D3_283;28/07/2019;8
1117;D4;SSMM55008;Bq_1;503;D4_291;12/08/2019;18
156;D4;SSMM55100;Ct_1;602;D4_292;17/01/2017;16
177;D5;SSMM55012;Ct_1;602;D5_301;04/05/2019;7
277;D5;SSMM55030;Ct_1;603;D5_305;12/07/2019;28
350;D6;SSMM55066;Ct_1;600;D6_311;09/07/2019;30
384;D6;SSMM55089;Ct_1;602;D6_312;11/12/2017;29
405;D6;SSMM55035;Ct_1;600;D6_313;14/04/2018;28
435;D6;SSMM55087;Ct_1;600;D6_314;18/01/2017;18
549;E1;SSMM55073;Ct_1;600;E1_322;14/10/2019;23
575;E1;SSMM55075;Ct_1;602;E1_323;04/10/2019;26
608;E1;SSMM55038;Ct_1;603;E1_324;10/10/2018;10
637;E1;SSMM55101;Ct_1;603;E1_325;18/01/2019;7
668;E1;SSMM55090;Ct_1;600;E1_326;12/10/2017;7
761;E2;SSMM55088;Ct_1;601;E2_333;14/08/2017;20
810;E2;SSMM55076;Ct_1;603;E2_334;26/11/2017;23
849;E3;SSMM55087;Ct_1;600;E3_341;13/01/2018;21
879;E3;SSMM55082;Ct_1;602;E3_342;07/01/2019;18
905;E4;SSMM55087;Ct_1;600;E4_351;24/02/2017;21
969;E5;SSMM55028;Ct_1;601;E5_361;27/07/2019;8
100;A1;SSMM55092;El_1;101;A1_81;24/03/2020;1
304;A2;SSMM55093;El_1;102;A2_93;01/11/2020;8
715;A5;SSMM55071;El_1;101;A5_122;02/12/2020;3
783;A6;SSMM55015;El_1;104;A6_132;14/09/2020;4
999;B2;SSMM55094;El_1;103;B2_152;10/08/2020;1
132;B4;SSMM55079;Mob_1;202;B4_172;13/05/2020;4
197;B6;SSMM55079;Mob_1;200;B6_192;15/08/2020;3
237;C1;SSMM55076;Mob_1;201;C1_202;17/03/2020;1
282;C2;SSMM55035;Mob_1;202;C2_212;24/01/2020;2
407;C6;SSMM55016;Mob_1;204;C6_252;25/10/2020;5
680;D4;SSMM55035;Mob_1;202;D4_292;08/12/2020;4
771;D5;SSMM55077;Mob_1;200;D5_305;20/05/2020;4
804;D5;SSMM55063;Mob_1;203;D5_306;21/07/2020;4
917;E1;SSMM55073;Mob_1;204;E1_321;28/09/2020;3
1024;E1;SSMM55037;Mob_1;204;E1_323;27/02/2020;5
1030;E1;SSMM55015;Mob_1;203;E1_325;22/03/2020;4
1118;E2;SSMM55017;Mob_1;201;E2_332;17/03/2020;1
254;E4;SSMM55012;Jd_1;301;E4_351;24/08/2020;14
338;E5;SSMM55017;Jd_1;300;E5_362;28/02/2020;13
790;A1;SSMM55086;Jd_1;304;A1_85;19/10/2020;23
814;A2;SSMM55084;Jd_1;302;A2_91;28/10/2020;8
936;A2;SSMM55086;Jd_1;302;A2_95;27/01/2020;3
979;A3;SSMM55085;Jd_1;303;A3_102;12/05/2020;22
110;A5;SSMM55076;Rp_1;402;A5_121;23/03/2020;35
363;A6;SSMM55070;Rp_1;400;A6_132;26/09/2020;11
923;B2;SSMM55091;Rp_1;404;B2_154;20/09/2020;35
993;B3;SSMM55080;Rp_1;402;B3_161;14/09/2020;18
1061;B3;SSMM55075;Rp_1;405;B3_162;24/11/2020;20
1098;B4;SSMM55075;Rp_1;401;B4_171;18/11/2020;8
113;B4;SSMM55033;Bq_1;503;B4_172;23/04/2020;11
393;C2;SSMM55071;Bq_1;503;C2_211;23/02/2020;18
604;C4;SSMM55082;Bq_1;500;C4_233;18/02/2020;17
666;C5;SSMM55097;Bq_1;504;C5_242;11/07/2020;13
900;D1;SSMM55085;Bq_1;500;D1_262;10/12/2020;7
1005;D1;SSMM55069;Bq_1;501;D1_264;21/03/2020;6
471;D4;SSMM55089;Ct_1;602;D4_292;16/07/2020;29
880;D5;SSMM55074;Ct_1;601;D5_306;27/10/2020;19
906;D6;SSMM55101;Ct_1;603;D6_311;12/04/2020;19
313;E2;SSMM55066;El_1;102;E2_332;03/12/2020;5
883;E1;SSMM55047;El_1;100;E1_32;15/02/2020;8
934;D4;SSMM55095;El_1;104;D4_291;23/01/2020;5
1130;D5;SSMM55040;El_1;104;D5_305;19/02/2020;2
106;D5;SSMM55097;Mob_1;201;D5_306;23/01/2020;4
283;E1;SSMM55073;Mob_1;204;E1_324;12/10/2020;5
327;E2;SSMM55099;Mob_1;201;E2_331;26/11/2020;3
488;E4;SSMM55062;Mob_1;204;E4_351;06/05/2020;3
611;A1;SSMM55068;Mob_1;204;A1_85;11/03/2020;5
705;A2;SSMM55053;Mob_1;201;A2_95;11/09/2020;5
112;A2;SSMM55018;Jd_1;301;A2_92;28/05/2020;29
178;A2;SSMM55061;Jd_1;304;A2_93;09/07/2020;17
323;A3;SSMM55104;Jd_1;303;A3_101;28/01/2020;13
529;A4;SSMM55009;Jd_1;302;A4_113;13/04/2020;9
576;A5;SSMM55077;Jd_1;304;A5_121;24/04/2020;18
784;A6;SSMM55078;Jd_1;304;A6_132;11/03/2020;10
1075;B2;SSMM55103;Jd_1;300;B2_154;11/07/2020;7
137;B3;SSMM55019;Rp_1;403;B3_162;18/10/2020;10
272;B5;SSMM55073;Rp_1;403;B5_183;17/05/2020;30
288;B6;SSMM55078;Rp_1;400;B6_191;03/09/2020;16
579;C6;SSMM55091;Rp_1;402;C6_251;01/07/2020;6
592;D6;SSMM55086;Rp_1;403;D6_312;15/11/2020;17
685;E1;SSMM55090;Rp_1;401;E1_322;08/03/2020;23
806;E2;SSMM55003;Rp_1;404;E2_332;12/04/2020;29
895;E3;SSMM55010;Rp_1;400;E3_341;28/04/2020;15
940;E1;SSMM55082;Rp_1;403;E1_322;17/09/2020;22
605;B3;SSMM55088;Bq_1;503;B3_161;07/06/2020;17
757;B5;SSMM55025;Bq_1;503;B5_181;19/11/2020;13
830;B5;SSMM55087;Bq_1;500;B5_182;07/12/2020;18
927;C1;SSMM55086;Bq_1;504;C1_201;19/08/2020;10
492;C5;SSMM55093;Ct_1;603;C5_241;27/02/2020;13
733;C6;SSMM55037;Ct_1;602;C6_253;13/06/2020;27
928;D1;SSMM55054;Ct_1;602;D1_263;10/09/2020;26
1010;D2;SSMM55090;Ct_1;603;D2_271;15/12/2020;10
367;D5;SSMM55092;El_1;101;D5_302;25/09/2020;4
399;D5;SSMM55057;El_1;104;D5_303;05/12/2020;7
625;D6;SSMM55094;El_1;103;D6_311;04/05/2020;3
736;D6;SSMM55032;El_1;104;D6_313;02/03/2020;1
780;D6;SSMM55074;El_1;102;D6_314;24/01/2020;4
811;E1;SSMM55074;El_1;102;E1_321;21/05/2020;8
930;E1;SSMM55001;El_1;100;E1_323;03/10/2020;4
212;E4;SSMM55083;Mob_1;204;E4_351;21/10/2020;2
339;E5;SSMM55100;Mob_1;204;E5_365;07/05/2020;1
387;E6;SSMM55007;Mob_1;201;E6_372;25/12/2020;3
577;A1;SSMM55087;Mob_1;201;A1_85;25/02/2020;5
612;A2;SSMM55098;Mob_1;200;A2_91;10/04/2020;3
682;A2;SSMM55019;Mob_1;203;A2_95;26/12/2020;4
822;A4;SSMM55067;Mob_1;203;A4_113;20/04/2020;5
840;A5;SSMM55072;Mob_1;203;A5_122;10/07/2020;1
987;B1;SSMM55076;Mob_1;201;B1_142;05/03/2020;1
1032;B1;SSMM55063;Mob_1;203;B1_144;28/09/2020;1
1129;B2;SSMM55077;Mob_1;200;B2_153;07/06/2020;2
165;B3;SSMM55023;Jd_1;302;B3_161;23/11/2020;4
185;B3;SSMM55009;Jd_1;302;B3_162;02/01/2020;20
251;B4;SSMM55081;Jd_1;303;B4_172;26/09/2020;23
305;B5;SSMM55021;Jd_1;300;B5_183;24/08/2020;15
349;C1;SSMM55066;Jd_1;301;C1_201;04/08/2020;16
718;D2;SSMM55011;Jd_1;304;D2_271;26/10/2020;4
765;D2;SSMM55014;Jd_1;303;D2_272;12/02/2020;23
837;D5;SSMM55104;Jd_1;301;D5_301;11/08/2020;26
935;D5;SSMM55061;Jd_1;304;D5_305;09/01/2020;27
952;D5;SSMM55038;Jd_1;300;D5_306;24/10/2020;23
985;D6;SSMM55104;Jd_1;301;D6_314;02/03/2020;3
1020;E1;SSMM55076;Jd_1;303;E1_322;07/04/2020;20
1048;E1;SSMM55065;Jd_1;300;E1_323;14/12/2020;16
138;E2;SSMM55075;Rp_1;401;E2_333;24/03/2020;8
147;E2;SSMM55013;Rp_1;401;E2_334;06/05/2020;32
209;E4;SSMM55026;Rp_1;400;E4_351;03/01/2020;19
446;D3;SSMM55073;Rp_1;403;D3_283;04/07/2020;32
526;D5;SSMM55029;Rp_1;403;D5_305;17/01/2020;10
828;A1;SSMM55012;Rp_1;400;A1_83;14/02/2020;3
892;A2;SSMM55086;Rp_1;403;A2_91;21/05/2020;28
896;A2;SSMM55078;Rp_1;400;A2_92;14/01/2020;32
897;A2;SSMM55092;Rp_1;405;A2_93;16/01/2020;33
963;A3;SSMM55077;Rp_1;403;A3_101;15/08/2020;5
1082;A5;SSMM55020;Rp_1;404;A5_121;12/01/2020;11
140;A1;SSMM55083;Bq_1;501;A1_83;16/12/2020;11
172;A1;SSMM55033;Bq_1;503;A1_84;15/11/2020;16
448;A4;SSMM55082;Bq_1;500;A4_111;06/07/2020;20
538;A5;SSMM55063;Bq_1;500;A5_122;08/01/2020;8
581;A6;SSMM55089;Bq_1;502;A6_132;23/07/2020;11
622;B1;SSMM55065;Bq_1;504;B1_142;09/06/2020;11
687;B1;SSMM55086;Bq_1;501;B1_144;18/03/2020;17
777;B2;SSMM55070;Bq_1;502;B2_154;18/08/2020;15
877;B4;SSMM55085;Bq_1;503;B4_171;22/09/2020;13
924;B4;SSMM55023;Bq_1;501;B4_172;23/01/2020;12
1063;B6;SSMM55047;Bq_1;500;B6_191;05/07/2020;15
146;C1;SSMM55012;Ct_1;602;C1_202;18/07/2020;21
238;C3;SSMM55054;Ct_1;602;C3_221;14/12/2020;6
655;D6;SSMM55098;Ct_1;600;D6_313;14/07/2020;17
832;E1;SSMM55073;Ct_1;600;E1_323;09/12/2020;6
104;E3;SSMM55091;El_1;100;E3_342;18/10/2020;4
260;E2;SSMM55073;El_1;103;E2_331;17/02/2020;1
279;E2;SSMM55077;El_1;103;E2_332;07/10/2020;4
763;A4;SSMM55075;El_1;103;A4_112;04/06/2020;7
781;A4;SSMM55076;El_1;104;A4_113;15/07/2020;7
910;A6;SSMM55095;El_1;104;A6_132;24/07/2020;3
931;B1;SSMM55002;El_1;101;B1_141;03/07/2020;2
949;B1;SSMM55094;El_1;101;B1_142;21/08/2020;4
951;B1;SSMM55051;El_1;104;B1_143;11/01/2020;5
1017;B2;SSMM55050;El_1;103;B2_151;15/02/2020;2
268;B6;SSMM55015;Mob_1;203;B6_191;03/02/2020;1
362;C3;SSMM55083;Mob_1;204;C3_221;26/01/2020;3
370;C3;SSMM55076;Mob_1;201;C3_222;01/01/2020;5
401;C4;SSMM55017;Mob_1;201;C4_231;10/02/2020;3
642;D1;SSMM55007;Mob_1;201;D1_262;15/02/2020;3
663;D1;SSMM55082;Mob_1;203;D1_264;15/03/2020;2
707;D2;SSMM55100;Mob_1;204;D2_272;09/10/2020;2
791;D3;SSMM55011;Mob_1;203;D3_282;15/12/2020;1
889;D5;SSMM55098;Mob_1;200;D5_301;26/02/2020;2
1055;D5;SSMM55069;Mob_1;200;D5_306;15/11/2020;3
1081;D6;SSMM55083;Mob_1;204;D6_311;14/02/2020;3
274;E1;SSMM55068;Jd_1;303;E1_325;12/12/2020;25
314;E2;SSMM55025;Jd_1;304;E2_331;12/02/2020;4
507;E5;SSMM55040;Jd_1;302;E5_365;15/05/2020;22
554;E6;SSMM55057;Jd_1;300;E6_371;18/07/2020;16
673;A1;SSMM55104;Jd_1;303;A1_82;18/02/2020;12
819;A3;SSMM55084;Jd_1;302;A3_102;05/07/2020;24
868;A4;SSMM55069;Jd_1;300;A4_111;22/09/2020;11
870;A4;SSMM55081;Jd_1;303;A4_112;25/10/2020;13
133;B4;SSMM55027;Rp_1;401;B4_171;07/07/2020;15
144;B4;SSMM55092;Rp_1;405;B4_172;15/05/2020;27
320;C1;SSMM55017;Rp_1;401;C1_201;22/03/2020;28
500;C4;SSMM55066;Rp_1;404;C4_232;19/09/2020;5
601;C6;SSMM55088;Rp_1;401;C6_251;08/02/2020;6
632;C6;SSMM55080;Rp_1;402;C6_253;07/05/2020;34
683;D1;SSMM55071;Rp_1;401;D1_261;04/02/2020;34
710;D1;SSMM55012;Rp_1;402;D1_262;23/06/2020;33
252;D6;SSMM55007;Bq_1;502;D6_314;07/08/2020;17
259;E1;SSMM55084;Bq_1;502;E1_321;14/04/2020;17
532;E2;SSMM55097;Bq_1;504;E2_332;20/10/2020;16
688;E4;SSMM55086;Bq_1;501;E4_351;28/05/2020;11
966;E6;SSMM55048;Bq_1;501;E6_372;19/07/2020;11
1036;E1;SSMM55084;Bq_1;502;E1_32;28/02/2020;16
692;E1;SSMM55035;Ct_1;600;E1_326;12/07/2020;9
944;E4;SSMM55082;Ct_1;602;E4_351;08/11/2020;11
947;A1;SSMM55081;Ct_1;601;A1_82;07/04/2020;10
119;A2;SSMM55092;El_1;101;A2_95;06/08/2020;1
583;A1;SSMM55002;El_1;101;A1_81;01/04/2020;6
593;A1;SSMM55074;El_1;104;A1_82;13/05/2020;8
738;A2;SSMM55040;El_1;104;A2_91;26/01/2020;4
852;A2;SSMM55077;El_1;103;A2_94;06/03/2020;2
974;A3;SSMM55032;El_1;104;A3_103;16/02/2020;4
341;B3;SSMM55011;Mob_1;200;B3_162;02/10/2020;5
563;C1;SSMM55104;Mob_1;200;C1_201;19/01/2020;3
939;D1;SSMM55078;Mob_1;201;D1_263;02/04/2020;2
420;D6;SSMM55039;Jd_1;301;D6_311;26/06/2020;9
479;D6;SSMM55018;Jd_1;301;D6_313;22/07/2020;8
559;E1;SSMM55011;Jd_1;300;E1_321;13/12/2020;19
716;E1;SSMM55039;Jd_1;301;E1_325;07/10/2020;23
915;E3;SSMM55085;Jd_1;301;E3_342;20/05/2020;7
1018;E5;SSMM55041;Jd_1;303;E5_362;07/12/2020;23
1078;E5;SSMM55011;Jd_1;304;E5_365;15/10/2020;5
136;E6;SSMM55063;Rp_1;401;E6_372;09/04/2020;5
229;A1;SSMM55085;Rp_1;402;A1_81;08/06/2020;31
920;B1;SSMM55083;Rp_1;404;B1_141;16/02/2020;24
204;B3;SSMM55006;Bq_1;501;B3_162;26/06/2020;18
427;C1;SSMM55082;Bq_1;500;C1_201;03/12/2020;13
547;C3;SSMM55085;Bq_1;503;C3_222;01/08/2020;9
776;D1;SSMM55009;Bq_1;504;D1_261;14/08/2020;13
861;D1;SSMM55065;Bq_1;502;D1_263;17/08/2020;18
925;D2;SSMM55096;Bq_1;503;D2_272;03/01/2020;17
262;D5;SSMM55068;Ct_1;600;D5_304;10/05/2020;20
291;D5;SSMM55073;Ct_1;600;D5_306;25/04/2020;19
527;E1;SSMM55088;Ct_1;601;E1_321;01/08/2020;9
693;E2;SSMM55038;Ct_1;603;E2_331;01/09/2020;20
731;E2;SSMM55010;Ct_1;600;E2_332;26/05/2020;30
1008;E5;SSMM55100;Ct_1;602;E5_363;03/01/2020;17
1040;E5;SSMM55027;Ct_1;600;E5_364;03/08/2020;9
